kalimat,label
orang disampingnya,positif
demokratnya mah gk,negatif
wowo anak buah kayak dancok untung kau yg diancam wo tim mawar ya,negatif
lucu gue liat d yg dukung orng ndtang d ilc bikin malu nklo dtang debat salah mulu nheran gue yg muji muji ni mahluq nwajar aja biar berkembang biak mentok 200,negatif
muak dgn tingkah 2 pengumpat kubu puasa ramadhan segan dikotori sungguh mohon bantu amankan pemilik akun hatespeech takedown orangnya stop fitnah,positif
insya allah ayahanda tulus jujur jujur membela keadilan negeri mari jujur,positif
rakyat bodoh dungu sj ndpt dipengaruhi elit politik bpnemak demo mrk mati pahlawan tdk keturunan mrk menyadang predikat pemberontakperjuangan ujungperistiwa smbon maluku ulah propokasi elit poltikbersdr salingmembunuhmrk sadar setlh puluhan,positif
klo drmokrat tdk keprntingan lg kah,positif
pa gausah turun biar emak aja,positif
02 gk suka tdk menganggp lbih yg kalah jk kalh pendkungnya ditngkp supya tau lg jmlh oposisi sdikit cc,positif
jebakan,negatif
artikan power kekuatan fisik kekuatan moral power contoh kalimat yg patut dicerna the power of love saved her dlm kalimat pengertiannya mengarah kpd kekuatan moral,positif
njangan offline side n ndarah merah pemakan darah putih nsalam n321 rembulan senja,positif
senin bang mengadakan buka puasa rumah kertanegara didampingi jajaran koalisi bpn bang sandi memenuhi briefing teman teman media internasional selengkapnya instagram,positif
jd gunanya bawaslu mk dkkp,positif
bentuklah om,positif
resiko pembangkangan rakyat semesta mayoritas rakyat 02 menang didukung bukti 2 otentik biayanya kpu berani memanipulasi hasil pilpres kecuali org 2nya nekad tdk perduli dgn nasib bangsa negaranya,positif
pokoknya prabowo menang nharus jd presiden n nintinya fer,positif
pokeke lawan 2024 yg berani,positif
gorengan,positif
pake tolong ditambahin pendukung 02 n n,positif
ah bodo sih l,negatif
nmassa andaanda nkedaulatan konstitusi terarah kontrol,negatif
alhamdulillah puisi nw munajat akbar 212 dikabulkan,positif
murka allah diaceh bencana alam sunami 26 des 2004ratusan ribu korban menyadarkan rakyat aceh perjuangan mrk tdk berkenandimata tuhan nbaiknya berdamai dgn pemerintahpuluhan ribu wanita janda akibat suami mrk mati diperjuangan gam yg gagalapakah mengulangi tsb,negatif
menang 2014 curang klo 2019 tingal diam hadapi pengkhianat bangsa ntaruh alamat mu,negatif
sok bener dik nmau manganulir pemilu 2019 nnaif,negatif
gila keracunan kebanyakan kekuasaan kebodohan henti 2 jason ranti,negatif
ahy ngaku kalah krn urutan ketiga,negatif
emang ahmad dani yg ditahan n,negatif
licik cc,positif
aamiin n,positif
kayaknya jokowi,positif
yes the world must know what happen at indonesian election n,positif
kelakuan pendukungnya mewakili didukungnya bilang 5,negatif
saluuuud buwat emak 2 militan kmi cuman berdoa bermunajat semoga gusti allah melindungi emak 2 yg berjuang kebenaranamiiiiinn n n n n n,positif
yg istri danjen aja mrk gak trima 2 chocolatos diremes ma kopasus,negatif
wkwkwk nbusyet dah,positif
emang jujur takuut 02 mendukung tpf yg penjahat n jujur yg dukung tpf,positif
setuju istiqomah dgn,positif
lagu bos kaya 2014 no way,negatif
fisik masjid yg resmikan beliau tp tdk garis budaya sejarah yg tlh ratusan rilis ulama 2 salaf nusantara tempo abad 13 14 abad 18 nkami bangga presiden,positif
rakyat bodoh dungudipropokasi dibujuk dgn 1 bungkus nasi padang uang trans rp50000dipertarukan nyawaapakah manusiawi nmengorbankan rakyat utk merebut kekuasaan belajar sejarah pemberontakan diindonesia yg hebat gam 32 thn berjuang gagal berakir gabung dgn nkri,negatif
manusia ac dc pendirian ntar lgi stress gila kau bodat,negatif
terimakasih kebaikkan luput liputan media cetak liputan media elektronik n n n n,positif
hehe,positif
ehhem cieee ciee,positif
lg kpd mas bro,positif
oalh srul dah tua gak manas manasi suasana diam srul,negatif
kecewa kemarin pilih demokrat semoga yg,negatif
demo memaksakan kehendak hsl pemilu ditolak krn curangpoeple powerbaiknya bpn jgn tindakan inkonstisional krn hancur punah hsl servey 95 rakyat mendukung hsl kpusiapapun terpilih ditetapkan 7 napa kekuatan bpn rakyat 5 prosen dijadikan tumbal rakyat bodoh dun,negatif
jokowi legowo lepas jabatan presiden lantas yg mengganti nya panjenengan nsementara mayoritas rakyat indonesia sdh memilih npak fikiran nalar sehat,positif
kalo tpf kali 2 elo lolos anggota dewan ya om,positif
mentweetpun abuabu segarang kedoknya tertutup,negatif
yg nya wilayah bawaslu dkppbila kecurangan wilayah polisi krn pidana muter muter,positif
amin amin amin,positif
barokallah fik,positif
semoga bumi pertiwi indonesia tragedi 1998 npak npak,positif
coba dibuktikan curang njangan ngomong,negatif
napapun hasilnya perhitungan kpu menang kalah terima legowo nitu kesatria nsdh dicontohkan ahy btp nkami hormat pemimpin yg,positif
00 n0,positif
transparan kecurangannya,negatif
lha trus bukti 2 yg kemaren 73 ribu yaa kecurangan kesalahan yaa,negatif
wayahe wayahe mokel,negatif
blunder lg om ferdinand,positif
klo salah ketakutan mendefinisikan fungsi tpf mengulur 2 wktu,positif
bagus,positif
amiiinnnn,positif
kelamin ganda g kyk cacing,negatif
kau didalam jujur bertingkah,negatif
penjarakan nmanusia pengangguran politik nhanya bikin rusuh aja,negatif
diceneralisasi pilpres curang kpu curang bohongmeligitimasi kecurangan adlh trik politik utk pembenaran o2 kalah krn curangfakta kalah telak kecuranganmrk sdh kehilangan akal sehatganti presiden liwat pelpres kalahskarang trik dgn kekerasan demo,negatif
win win solution maksud loh grey,positif
kerennnn om lanjutkan om semangat tersenyum,positif
baca menduga pernyataan hasto fitnah mengarah mencoba mengadu domba partai lokal aceh duduk dpra mayoritas diisi partai aceh partai mendukung dimana letak menggembosi partai lokalnya,positif
jujur,positif
slah calon uang rakyat menggunakn lembaga negara kepala daerah menghallalkan duduk join salah pemechan berani jujur jalan terbaik,positif
cc nbang bro,positif
cc in ah,positif
ga pake ahy bang pideo nya promosi ya,negatif
tujuan kubu 02 ngusulin pembentukan tpf utk menunda pengumuman pemenang tgl 22 mei mencari celah utk membalikkan inkonstitusional,positif
mengaku kalah ga pakai alasan ngeles ngeles pendukung akar rumput rasional kalah ya pendukung anarkis,negatif
tk sutradara tk rela,positif
bikin tpf akal akalan yg kalah aja pa jkw gabusah denger orang yg sakit hati ga gunanya baiknya lerja kerja aja biarkan sakit hati 2024,negatif
persengkolan parpol pendukung prabowo mengalihkan suara jokowi mustahilhrsnya bpn detail kecurangan dikabkota nkecamatan desa kampung yg kecuranganbukan marasi curang tdk dptdibuktikanjika kecurangan persengkokolandan,positif
bagus,positif
pengkhianat nyinyirlah malu mengangkang 02,negatif
indonesia kandung njika biarkan kandung perkosakita anak durhaka n,positif
pemarah mudah stroke,negatif
salut abang mari berjuang bang anak medan kenal takut hajar kecurangan pemerintah,positif
alhamdulillah nbukannya ntu tanah leluhur bpk n nyaqinlah masyarakat memahami beliau jasa keluarga beliau utk kemaslahatan umat,negatif
ukri bocorkan 01 dipaksakan menang n n n n n n tcoepnpr2m9ku,negatif
sampeyan kalah suara coba pakai jurrus cawet abang tpf nya,negatif
kali setuju dgn tweet,positif
suaranya g kawan,negatif
mantap,positif
dibawah dikecamatan dikawal polisi saksidikecamatan direkap disaksikan jg 16 parpol pemilupanwaskecamatandst dikab kotaprovensi saksi parpolditingkat kecurangan ditkt tpspasti persengkolankppspanwas 16 saksi total 20 orgmrk diproses huk mung,positif
netral smnjak liat qc n,positif
alhamdulillah,positif
masjidnya prabowo yg yah,positif
