Label,Text
1,orang disampingnya
0,demokratnya mah gk
0,wowo anak buah kayak dancok untung kau yg diancam wo tim mawar ya
0,lucu gue liat d yg dukung orng ndtang d ilc bikin malu nklo dtang debat salah mulu nheran gue yg muji muji ni mahluq nwajar aja biar berkembang biak mentok 200
1,muak dgn tingkah 2 pengumpat kubu puasa ramadhan segan dikotori sungguh mohon bantu amankan pemilik akun hatespeech takedown orangnya stop fitnah
1,insya allah ayahanda tulus jujur jujur membela keadilan negeri mari jujur
1,rakyat bodoh dungu sj ndpt dipengaruhi elit politik bpnemak demo mrk mati pahlawan tdk keturunan mrk menyadang predikat pemberontakperjuangan ujungperistiwa smbon maluku ulah propokasi elit poltikbersdr salingmembunuhmrk sadar setlh puluhan
1,klo drmokrat tdk keprntingan lg kah
1,pa gausah turun biar emak aja
1,02 gk suka tdk menganggp lbih yg kalah jk kalh pendkungnya ditngkp supya tau lg jmlh oposisi sdikit cc
0,jebakan
1,artikan power kekuatan fisik kekuatan moral power contoh kalimat yg patut dicerna the power of love saved her dlm kalimat pengertiannya mengarah kpd kekuatan moral
1,njangan offline side n ndarah merah pemakan darah putih nsalam n321 rembulan senja
1,senin bang mengadakan buka puasa rumah kertanegara didampingi jajaran koalisi bpn bang sandi memenuhi briefing teman teman media internasional selengkapnya instagram
1,jd gunanya bawaslu mk dkkp
1,bentuklah om
1,resiko pembangkangan rakyat semesta mayoritas rakyat 02 menang didukung bukti 2 otentik biayanya kpu berani memanipulasi hasil pilpres kecuali org 2nya nekad tdk perduli dgn nasib bangsa negaranya
1,pokoknya prabowo menang nharus jd presiden n nintinya fer
1,pokeke lawan 2024 yg berani
1,gorengan
1,pake tolong ditambahin pendukung 02 n n
0,ah bodo sih l
0,nmassa andaanda nkedaulatan konstitusi terarah kontrol
1,alhamdulillah puisi nw munajat akbar 212 dikabulkan
0,murka allah diaceh bencana alam sunami 26 des 2004ratusan ribu korban menyadarkan rakyat aceh perjuangan mrk tdk berkenandimata tuhan nbaiknya berdamai dgn pemerintahpuluhan ribu wanita janda akibat suami mrk mati diperjuangan gam yg gagalapakah mengulangi tsb
0,menang 2014 curang klo 2019 tingal diam hadapi pengkhianat bangsa ntaruh alamat mu
0,sok bener dik nmau manganulir pemilu 2019 nnaif
0,gila keracunan kebanyakan kekuasaan kebodohan henti 2 jason ranti
0,ahy ngaku kalah krn urutan ketiga
0,emang ahmad dani yg ditahan n
1,licik cc
1,aamiin n
1,kayaknya jokowi
1,yes the world must know what happen at indonesian election n
0,kelakuan pendukungnya mewakili didukungnya bilang 5
1,saluuuud buwat emak 2 militan kmi cuman berdoa bermunajat semoga gusti allah melindungi emak 2 yg berjuang kebenaranamiiiiinn n n n n n
0,yg istri danjen aja mrk gak trima 2 chocolatos diremes ma kopasus
1,wkwkwk nbusyet dah
1,emang jujur takuut 02 mendukung tpf yg penjahat n jujur yg dukung tpf
1,setuju istiqomah dgn
0,lagu bos kaya 2014 no way
1,fisik masjid yg resmikan beliau tp tdk garis budaya sejarah yg tlh ratusan rilis ulama 2 salaf nusantara tempo abad 13 14 abad 18 nkami bangga presiden
0,rakyat bodoh dungudipropokasi dibujuk dgn 1 bungkus nasi padang uang trans rp50000dipertarukan nyawaapakah manusiawi nmengorbankan rakyat utk merebut kekuasaan belajar sejarah pemberontakan diindonesia yg hebat gam 32 thn berjuang gagal berakir gabung dgn nkri
0,manusia ac dc pendirian ntar lgi stress gila kau bodat
1,terimakasih kebaikkan luput liputan media cetak liputan media elektronik n n n n
1,hehe
1,ehhem cieee ciee
1,lg kpd mas bro
0,oalh srul dah tua gak manas manasi suasana diam srul
0,kecewa kemarin pilih demokrat semoga yg
0,demo memaksakan kehendak hsl pemilu ditolak krn curangpoeple powerbaiknya bpn jgn tindakan inkonstisional krn hancur punah hsl servey 95 rakyat mendukung hsl kpusiapapun terpilih ditetapkan 7 napa kekuatan bpn rakyat 5 prosen dijadikan tumbal rakyat bodoh dun
1,jokowi legowo lepas jabatan presiden lantas yg mengganti nya panjenengan nsementara mayoritas rakyat indonesia sdh memilih npak fikiran nalar sehat
1,kalo tpf kali 2 elo lolos anggota dewan ya om
0,mentweetpun abuabu segarang kedoknya tertutup
1,yg nya wilayah bawaslu dkppbila kecurangan wilayah polisi krn pidana muter muter
1,amin amin amin
1,barokallah fik
1,semoga bumi pertiwi indonesia tragedi 1998 npak npak
0,coba dibuktikan curang njangan ngomong
1,napapun hasilnya perhitungan kpu menang kalah terima legowo nitu kesatria nsdh dicontohkan ahy btp nkami hormat pemimpin yg
0,00 n0
0,transparan kecurangannya
0,lha trus bukti 2 yg kemaren 73 ribu yaa kecurangan kesalahan yaa
0,wayahe wayahe mokel
1,blunder lg om ferdinand
1,klo salah ketakutan mendefinisikan fungsi tpf mengulur 2 wktu
1,bagus
1,amiiinnnn
0,kelamin ganda g kyk cacing
0,kau didalam jujur bertingkah
0,penjarakan nmanusia pengangguran politik nhanya bikin rusuh aja
0,diceneralisasi pilpres curang kpu curang bohongmeligitimasi kecurangan adlh trik politik utk pembenaran o2 kalah krn curangfakta kalah telak kecuranganmrk sdh kehilangan akal sehatganti presiden liwat pelpres kalahskarang trik dgn kekerasan demo
1,win win solution maksud loh grey
1,kerennnn om lanjutkan om semangat tersenyum
1,baca menduga pernyataan hasto fitnah mengarah mencoba mengadu domba partai lokal aceh duduk dpra mayoritas diisi partai aceh partai mendukung dimana letak menggembosi partai lokalnya
1,jujur
1,slah calon uang rakyat menggunakn lembaga negara kepala daerah menghallalkan duduk join salah pemechan berani jujur jalan terbaik
1,cc nbang bro
1,cc in ah
0,ga pake ahy bang pideo nya promosi ya
1,tujuan kubu 02 ngusulin pembentukan tpf utk menunda pengumuman pemenang tgl 22 mei mencari celah utk membalikkan inkonstitusional
0,mengaku kalah ga pakai alasan ngeles ngeles pendukung akar rumput rasional kalah ya pendukung anarkis
1,tk sutradara tk rela
0,bikin tpf akal akalan yg kalah aja pa jkw gabusah denger orang yg sakit hati ga gunanya baiknya lerja kerja aja biarkan sakit hati 2024
1,persengkolan parpol pendukung prabowo mengalihkan suara jokowi mustahilhrsnya bpn detail kecurangan dikabkota nkecamatan desa kampung yg kecuranganbukan marasi curang tdk dptdibuktikanjika kecurangan persengkokolandan
1,bagus
0,pengkhianat nyinyirlah malu mengangkang 02
1,indonesia kandung njika biarkan kandung perkosakita anak durhaka n
0,pemarah mudah stroke
1,salut abang mari berjuang bang anak medan kenal takut hajar kecurangan pemerintah
0,alhamdulillah nbukannya ntu tanah leluhur bpk n nyaqinlah masyarakat memahami beliau jasa keluarga beliau utk kemaslahatan umat
0,ukri bocorkan 01 dipaksakan menang n n n n n n tcoepnpr2m9ku
0,sampeyan kalah suara coba pakai jurrus cawet abang tpf nya
1,kali setuju dgn tweet
0,suaranya g kawan
1,mantap
1,dibawah dikecamatan dikawal polisi saksidikecamatan direkap disaksikan jg 16 parpol pemilupanwaskecamatandst dikab kotaprovensi saksi parpolditingkat kecurangan ditkt tpspasti persengkolankppspanwas 16 saksi total 20 orgmrk diproses huk mung
1,netral smnjak liat qc n
1,alhamdulillah
1,masjidnya prabowo yg yah
